Title,Company,Location,Description
Lead Data Scientist,Tiro,"New York, NY",Lead Data Scientist Enigma is seekingand visualizing data -The ability to clearly
Data Scientist,Smith Hanley Associates,"New York, NY","Title: Data Scientist Location: Newengineering, & product stakeholder Data Scientist Qualifications"
Data Scientist,Averity,"New York, NY",like to become a Data Scientist at a global insuranceprofessional experience as a Data Scientist putting Machine
Data Scientist,Revelio Labs,"New York, NY","for: Revelio Labs is looking for a creative Senior Data Scientist who is able to maintain, improve, and develop complex models alongside a team of experienced"
Lead Data Scientist,Thomas,"New York, NY",looking for a Lead Data Scientist to lead and grow our dataAmazon AWS big data and machine learning technologies
Data Scientist,Eliassen Group,"Jersey City, NJ",The client is seeking a Neo4j data scientist/engineer to support data science initiatives within the cybersecurity
Sr. Data Scientist,CVS,"New York, NY","hiring for the following role in New York, NY: Sr. Data Scientist to develop and implement analytics applications and models"
Data Scientist,E-Frontiers,"New York, NY",Data Scientist The Company is aExperience in an ML engineer or data scientist role building and deploying ML
Staff Data Scientist,Harnham,"New York, NY",Staff Data Scientist AdTech Companyimplement. * Lead the company’s data strategy. * Partner with
"Data Scientist, Modeling",Gro Intelligence,"New York, NY","addresses agriculture, food, and our climate on the most fundamental level. Data Scientists at Gro take cutting edge approaches to the"
Senior Data Scientist,Teachers Insurance and Annuity Association - TIAA,"New York, NY","reporting, interpretation of data analyses to generate insights, an Data Scientist, Scientist, Senior, Total Rewards, Client"
Lead NLP Data Scientist - Remote | WFH,Get It Recruit - Real Estate,"Jersey City, NJ",of data science! We are looking for a talented Lead NLP Data Scientist who is passionate about making a positive impact. If you have a strong background in
Senior Research Scientist,NYU Langone Health,"New York, NY","Senior Research Scientist will help manage, prepare, analyze, and interpret data as well as report on analysis results"
Senior Data Scientist,Equation Staffing,"New York, NY",B2B. They are looking for a Senior Data Scientist to come on board and lead this ambitious initiative. If applying
Assistant Research Scientist,NYU Langone Health,"New York, NY","Investigator. The Research Scientist will manage research projects, provide data management, and conduct analysis of several ongoing"
Principal Data Scientist,Harnham,"New York, NY",Principal Data Scientist AdTech StartupLead the company’s data science strategy. * Partner
Senior Data Scientist,Oliwska Grupa Konsultingowa,"New York, NY","for an experienced applied data scientist to join our Data a Senior Data Scientist, you are an influencer"
Senior Data Scientist,Storm3,"New York, NY",achieving faster outcomes. We are seeking a driven Data Scientist to take charge of expanding our Privacy Engine and enhancing
Data Scientist,Verizon,"New York, NY","in a complex, multi-functional, Agile team environment with other data scientists and data engineers to develop and productionize"
"Data Scientist Series, MTA Data & Analytics",MTA,"New York, NY","Data Scientist Series, MTA012 479 3 Senior Data Scientist $80,564"
